Field	Value
Title	Volunteer Greening Day Plan
Classification	Public
RelatedToSDAIAQuebook	False
Keywords	tree planting; community garden; recycling bins; irrigation hose
Reference	Description	Origin	Destination	Status
GEN-124	Catering Supplies	Facility Oasis	Facility Horizon	Completed
GEN-292	Garden Tools Set	Facility Blue Port	Facility Desert Star	Pending
GEN-532	Sports Equipment Bundle	Facility Blue Port	Facility Oasis	Scheduled
GEN-891	Sports Equipment Bundle	Facility Red Dune	Facility Oasis	Completed
