Field,Value
Title,Library Acquisition List
DocumentNumber,FCT-2026-855A60
Classification,Public
RelatedToSDAIAQuebook,False
Keywords,fiction collection; reading club; interlibrary loan; cataloguing
Summary,"This memo covers routine administrative activity for library acquisitions. It contains no defense, security, or national sensitivity indicators."

Reference,Description,Origin,Destination,Status
GEN-819,Garden Tools Set,Facility Desert Star,Facility Falcon,Scheduled
GEN-371,Garden Tools Set,Facility Oasis,Facility Red Dune,Completed
GEN-947,Office Furniture Transfer,Facility Oasis,Facility Red Dune,Pending
GEN-400,Library Book Cartons,Facility Oasis,Facility Falcon,Completed
